index,manga_title
0,Berserk
1,JoJo no Kimyou na Bouken Part 7: Steel Ball Run
2,One Piece
3,Vagabond
4,Monster
5,Fullmetal Alchemist
6,Slam Dunk
7,Oyasumi Punpun
8,Grand Blue
9,Vinland Saga
10,Kingdom
11,20th Century Boys
12,Ashita no Joe
13,Houseki no Kuni
14,3-gatsu no Lion
15,Kaguya-sama wa Kokurasetai: Tensai-tachi no Renai Zunousen
16,GTO
17,Real
18,Yotsuba to!
19,Koe no Katachi
20,Haikyuu!!
21,Akatsuki no Yona
22,Kaze no Tani no Nausicaä
23,"Jumyou wo Kaitotte Moratta. Ichinen ni Tsuki, Ichimanen de."
24,Made in Abyss
25,Umineko no Naku Koro ni Chiru - Episode 8: Twilight of the Golden Witch
26,Uchuu Kyoudai
27,Nana
28,Mushishi
29,One Punch-Man
30,Chainsaw Man
31,Blue Period
32,Yokohama Kaidashi Kikou
33,Death Note
34,Natsume Yuujinchou
35,Kono Oto Tomare!
36,Hunter x Hunter
37,Akira
38,Shoujo Shuumatsu Ryokou
39,Yagate Kimi ni Naru
40,Hajime no Ippo
41,Beck
42,Dorohedoro
43,Kozure Ookami
44,ReLIFE
45,Spy x Family
46,Banana Fish
47,"Umarekawattemo Mata, Watashi to Kekkon shitekuremasu ka"
48,Aria
49,Kokou no Hito
50,Gintama
51,Pluto
52,Mob Psycho 100
53,Jibaku Shounen Hanako-kun
54,Shigatsu wa Kimi no Uso
55,Pandora Hearts
56,Given
57,Skip Beat!
58,JoJo no Kimyou na Bouken Part 4: Diamond wa Kudakenai
59,Shingeki no Kyojin
60,Rurouni Kenshin: Meiji Kenkaku Romantan
61,One Outs
62,Watashitachi no Shiawase na Jikan
63,Sousou no Frieren
64,Jujutsu Kaisen
65,Neon Genesis Evangelion
66,Otoyomegatari
67,Golden Kamuy
68,Diamond no Ace Act II
69,Kakukaku Shikajika
70,Hi no Tori (1967)
71,Sakamichi no Apollon
72,Chikan Otoko
73,Shimanami Tasogare
74,Sasaki to Miyano
75,"Ohayou, Ibarahime"
76,Kidou Senshi Gundam: The Origin
77,Kamisama Hajimemashita
78,Chihayafuru
79,Fruits Basket
80,Tongari Boushi no Atelier
81,Umineko no Naku Koro ni Chiru - Episode 7: Requiem of the Golden Witch
82,Tokyo Ghoul
83,Bakemonogatari
84,Spirit Circle
85,Ouran Koukou Host Club
86,Vanitas no Karte
87,blanc
88,Bungou Stray Dogs: Beast
89,Tobaku Datenroku Kaiji: One Poker-hen
90,Eyeshield 21
91,Kimi no Suizou wo Tabetai
92,Umineko no Naku Koro ni Chiru - Episode 5: End of the Golden Witch
93,Hinamatsuri
94,"""Oshi no Ko"""
95,Kimi wa Houkago Insomnia
96,Bungou Stray Dogs
97,Kyou kara Ore wa!!
98,Kami nomi zo Shiru Sekai
99,Cross Game
100,Holyland
101,Gekkan Shoujo Nozaki-kun
102,Ookami to Koushinryou
103,Ping Pong
104,Glass no Kamen
105,Rainbow: Nisha Rokubou no Shichinin
106,JoJo no Kimyou na Bouken Part 8: JoJolion
107,Horimiya
108,Yuukoku no Moriarty
109,Doraemon
110,Barakamon
111,Blue Lock
112,Tokyo卍Revengers
113,Kusuriya no Hitorigoto
114,Blade of the Immortal
115,Kuroshitsuji
116,Onanie Master Kurosawa
117,Nodame Cantabile
118,21st Century Boys
119,Gunnm
120,Billy Bat
121,Noragami
122,Imawa no Kuni no Alice
123,Tobaku Mokushiroku Kaiji
124,Bakuman.
125,Hoshi no Samidare
126,Fumetsu no Anata e
127,Tensei shitara Slime Datta Ken
128,Dragon Ball
129,Basara
130,Kaichou wa Maid-sama!
131,Tobaku Hakairoku Kaiji
132,My Girl
133,"Mata, Onaji Yume wo Miteita"
134,Umineko no Naku Koro ni Chiru - Episode 6: Dawn of the Golden Witch
135,Innocent Rouge
136,Kimi no Na wa.
137,Kiseijuu
138,Boku dake ga Inai Machi
139,Ballroom e Youkoso
140,Yubisaki to Renren
141,xxxHOLiC
142,Cardcaptor Sakura
143,SKET Dance
144,Hadashi no Gen
145,Yuru Camp△
146,Machida-kun no Sekai
147,Mahoutsukai no Yome
148,Boy Meets Maria
149,Shadows House
150,Shin Angyo Onshi
151,Kanata kara
152,Umineko no Naku Koro ni - Episode 3: Banquet of the Golden Witch
153,Lovely★Complex
154,Versailles no Bara
155,Piano no Mori
156,Nichijou
157,Wotaku ni Koi wa Muzukashii
158,Koko wa Ima kara Rinri desu.
159,Ookami Kodomo no Ame to Yuki
160,Canis Series
161,Dungeon Meshi
162,Azumanga Daioh
163,Konjiki no Gash!!
164,Homunculus
165,Saikyou Densetsu Kurosawa
166,Daichouhen Doraemon
167,Orange
168,Gin no Saji
169,Sakamichi no Apollon: Bonus Track
170,Gakuen Alice
171,Mars
172,Full Metal Panic! Sigma
173,Touch
174,Sora wa Akai Kawa no Hotori
175,Angel Densetsu
176,Black Jack
177,Liar Game
178,Komatta Toki ni wa Hoshi ni Kike
179,Ten: Tenhou-doori no Kaidanji
180,Dengeki Daisy
181,Hana to Akuma
182,Love So Life
183,Youjo Senki
184,Mushishi Tokubetsu-hen: Hihamukage
185,Chichi to Hige-Gorilla to Watashi
186,Tsubasa: RESERVoir CHRoNiCLE
187,Hellsing
188,Claymore
189,Tokyo Crazy Paradise
190,Buddha
191,Higurashi no Naku Koro ni Kai: Meakashi-hen
192,Doukyuusei
193,Gakuen Babysitters
194,Toshokan no Daimajutsushi
195,Hirano to Kagiura
196,Kieta Hatsukoi
197,Kodomo no Omocha
198,Hanazakari no Kimitachi e
199,Blame!
200,Planetes
201,Hachimitsu to Clover
202,Higurashi no Naku Koro ni Kai: Tsumihoroboshi-hen
203,Takemitsuzamurai
204,No.6
205,Kengan Ashura
206,Shiori Experience: Jimi na Watashi to Hen na Ojisan
207,Koimonogatari
208,Totsukuni no Shoujo
209,Taishou Otome Otogibanashi
210,Kimetsu no Yaiba
211,Beastars
212,Mairimashita! Iruma-kun
213,Yomawari Sensei
214,Saiki Kusuo no Ψ-nan
215,Gochuumon wa Usagi desu ka?
216,Ojisama to Neko
217,D.Gray-man
218,Petshop of Horrors
219,Detective Conan
220,Higurashi no Naku Koro ni Kai: Minagoroshi-hen
221,Private Opinion: Banana Fish Another Story
222,Paradise Kiss
223,Eden: It's an Endless World!
224,Black Lagoon
225,Saint Seiya: The Lost Canvas - Meiou Shinwa
226,Saiyuuki Gaiden
227,Magi
228,Ansatsu Kyoushitsu
229,Silver Diamond
230,Kimi ni Todoke
231,"Komi-san wa, Comyushou desu."
232,Hourou Musuko
233,Cat Street
234,Akagami no Shirayuki-hime
235,Toaru Majutsu no Index Gaiden: Toaru Kagaku no Railgun
236,Yuru Yuri
237,Umineko no Naku Koro ni - Episode 4: Alliance of the Golden Witch
238,Kuragehime
239,Taiyou no Ie
240,Act-age
241,Jigokuraku
242,Teito Seihai Kitan: Fate/type Redline
243,Sunny
244,Shouwa Genroku Rakugo Shinjuu
245,Tsurezure Children
246,Tokyo Ghoul:re
247,Ghost Hunt
248,Genshiken
249,Sanctuary
250,JoJo no Kimyou na Bouken Part 6: Stone Ocean
251,Hidamari ga Kikoeru: Limit
252,Tonikaku Kawaii
253,Kage no Jitsuryokusha ni Naritakute!
254,Danshi Koukousei no Nichijou
255,Hirunaka no Ryuusei
256,Shonan Junai Gumi!
257,Solanin
258,GTO: Shonan 14 Days
259,Meteor Methuselah
260,Saiyuuki Reload
261,Tasogare Otome x Amnesia
262,Kishuku Gakkou no Juliet
263,Kaichou wa Maid-sama!: Marriage
264,Yugami-kun ni wa Tomodachi ga Inai
265,Tomodachi Game
266,Dead Dead Demon's Dededededestruction
267,Hidamari ga Kikoeru
268,Aku no Hana
269,Ultra Heaven
270,Hikari to Tomo ni...: Jiheishouji wo Kakaete
271,Kamigami no Itadaki
272,Touhou Shinigami: Meteor Methuselah Gaiden
273,Blue Giant
274,Boku no Hero Academia
275,Yuu☆Yuu☆Hakusho
276,Ookiku Furikabutte
277,7 Seeds
278,Koori no Mamono no Monogatari
279,Higurashi no Naku Koro ni Kai: Matsuribayashi-hen
280,Nukozuke!
281,Yakusoku no Neverland
282,Ao Ashi
283,Dr. Stone
284,Bokura no Shokutaku
285,Shimeji Simulation
286,Skip to Loafer
287,Gokushufudou
288,Last Game
289,xxxHOLiC: Rei
290,Fukigen na Mononokean
291,Helck
292,Bishoujo Senshi Sailor Moon
293,Initial D
294,Shingetsutan Tsukihime
295,Rookies
296,Adolf ni Tsugu
297,Historie
298,Crows
299,Sengoku Youko
300,Sora no Otoshimono
301,Zankoku na Kami ga Shihai suru
302,Diamond no Ace
303,Machikado Mazoku
304,Shuumatsu no Walküre
305,Fushigi Neko no Kyuu-chan
306,Ano Hi Mita Hana no Namae wo Bokutachi wa Mada Shiranai.
307,Keishichou Tokuhanka 007
308,Non Non Biyori
309,NHK ni Youkoso!
310,Trigun Maximum
311,Fushigi Yuugi: Genbu Kaiden
312,Akumetsu
313,Shiawase Kissa 3-choume
314,Higurashi no Naku Koro ni: Watanagashi-hen
315,Hitsugikatsugi no Kuro.: Kaichu Tabi no Wa
316,Kimi to Boku.
317,Innocent
318,Binbougami ga!
319,Ran to Haiiro no Sekai
320,Fate/kaleid liner Prisma☆Illya 3rei!!
321,Ao Haru Ride
322,Kareshi Kanojo no Jijou
323,Uzumaki
324,H2
325,JoJo no Kimyou na Bouken Part 2: Sentou Chouryuu
326,JoJo no Kimyou na Bouken Part 5: Ougon no Kaze
327,Shingeki no Kyojin: Kuinaki Sentaku
328,Otouto no Otto
329,God Child
330,Sayonara Zetsubou Sensei
331,Emma
332,Higurashi no Naku Koro ni: Onikakushi-hen
333,NG Life
334,Oresama Teacher
335,Seven Days
336,Kono Sekai no Katasumi ni
337,One Piece: Episode A
338,Bokura wa Minna Kawai-sou
339,Mahou Shoujo Madoka★Magica: The Different Story
340,Bungou Stray Dogs Wan!
341,Cardcaptor Sakura: Clear Card-hen
342,Ase to Sekken
343,Dandadan
344,Mushoku Tensei: Isekai Ittara Honki Dasu
345,Maison Ikkoku
346,City Hunter
347,Baby Steps
348,Beelzebub
349,Major
350,Tonari no Kaibutsu-kun
351,Donten ni Warau
352,Hoshi Mamoru Inu
353,Amaama to Inazuma
354,Sabishisugite Lesbian Fuuzoku ni Ikimashita Report
355,One Room Angel
356,Chrno Crusade
357,Gunnm: Last Order
358,Iryuu: Team Medical Dragon
359,Rosario to Vampire: Season II
360,Usogui
361,Kuroko no Basket
362,Katekyo Hitman Reborn!
363,Wild Adapter
364,Koukou Debut
365,Majin Tantei Nougami Neuro
366,Girl Friends
367,Hanma Baki
368,Getter Robo Saga
369,Ouran Koukou Host Club University Special
370,Steins;Gate: Aishin Meizu no Babel
371,Hikaru no Go
372,Sakigake!! Cromartie Koukou
373,Gantz
374,Boku no Chikyuu wo Mamotte
375,Pocket Monsters Special
376,Ginga Nagareboshi Gin
377,Steins;Gate 0
378,Hitori Koukan Nikki
379,The Fable
380,Kase-san Series
381,Ore Monogatari!!
382,Doukyuusei: Gold Ring & Silver Ring
383,Karakai Jouzu no (Moto) Takagi-san
384,Hidamari ga Kikoeru: Koufukuron
385,Bungou Stray Dogs: Dead Apple
386,X
387,Bokurano
388,JoJo no Kimyou na Bouken Part 3: Stardust Crusaders
389,Shijou Saikyou no Deshi Kenichi
390,Hokuto no Ken
391,Futatsu no Spica
392,Shaman King Kanzenban
393,Baraou no Souretsu
394,Karakai Jouzu no Takagi-san
395,Yahari Ore no Seishun Love Comedy wa Machigatteiru. @comic
396,Boku ga Otto ni Deau made
397,K: Memory of Red
398,Magi: Sinbad no Bouken
399,Re:Zero kara Hajimeru Isekai Seikatsu: Dai-3 Shou - Truth of Zero
400,Kindaichi Shounen no Jikenbo: File Series
401,Beauty Pop
402,Kaze to Ki no Uta
403,Shigurui
404,Getter Robo Go
405,Adekan
406,Saraiya Goyou
407,Ningen Shikkaku
408,Dogs: Bullets & Carnage
409,Gunslinger Girl
410,Soul Eater
411,Gokusen
412,High Score Girl
413,Fate/stay night: Heaven's Feel
414,Sono Bisque Doll wa Koi wo Suru
415,Jibaku Shounen Hanako-kun 0
416,Zense Coupling
417,Hitoribocchi no ○○ Seikatsu
418,Runway de Waratte
419,Tanaka-kun wa Itsumo Kedaruge
420,Gekijouban Mahou Shoujo Madoka★Magica: Shinpen - Hangyaku no Monogatari
421,Nekota no Koto ga Kininatte Shikatanai.
422,Akagi: Yami ni Oritatta Tensai
423,Higurashi no Naku Koro ni: Tatarigoroshi-hen
424,Hotarubi no Mori e
425,Yamamoto Zenjirou to Moushimasu
426,Oboreru Knife
427,Kingdom Hearts: 358/2 Days
428,Mahou Shoujo Madoka★Magica
429,Gangsta.
430,Jujutsu Kaisen 0: Tokyo Toritsu Jujutsu Koutou Senmon Gakkou
431,Subete no Jinrui wo Hakai suru. Sorera wa Saisei Dekinai.
432,Houkago Shounen Hanako-kun
433,Sasayaku You ni Koi wo Utau
434,Ore to Akuma no Blues
435,Vassalord.
436,Capeta
437,Noragami: Shuuishuu
438,Koi dano Ai dano
439,Voynich Hotel
440,Yamada-kun to 7-nin no Majo
441,Hyouka
442,Touhou Suzunaan: Forbidden Scrollery.
443,Naruto
444,Rough
445,Tobaku Datenroku Kaiji
446,Ashita no Ousama
447,Chichi no Koyomi
448,Saiyuuki Reload Blast
449,Senryuu Shoujo
450,Rojica to Rakkasei
451,Gakkougurashi!
452,Girls & Panzer: Ribbon no Musha
453,Aoharu x Kikanjuu
454,Re:Zero kara Hajimeru Isekai Seikatsu: Dai-2 Shou - Yashiki no Isshuukan-hen
455,Hakumei to Mikochi
456,Ghost Hunt: Akumu no Sumu Ie
457,Full Moon wo Sagashite
458,Shigeshoushi
459,Vampire Juujikai
460,Five Star Stories
461,Detroit Metal City
462,Soredemo Machi wa Mawatteiru
463,Boku no Hatsukoi wo Kimi ni Sasagu
464,Oooku
465,Kingyosou
466,Seiyuu Ka!
467,Omoide Emanon
468,Gokinjo Monogatari
469,Toshokan Sensou: Love & War
470,Bakuon Rettou
471,Mudazumonaki Kaikaku
472,Steins;Gate
473,Zoku Hoshi Mamoru Inu
474,Tsubaki-chou Lonely Planet
475,Kanata no Astra
476,Restart wa Onaka wo Sukasete
477,Ousama Ranking
478,Boys Run the Riot
479,Touhou Ibara Kasen: Wild and Horned Hermit.
480,Hori-san to Miyamura-kun
481,Tokyo Babylon
482,Life
483,Tekkon Kinkreet
484,Saiyuuki
485,MeruPuri: Märchen☆Prince
486,Sunadokei
487,Shoukoku no Altair
488,Seitokai Yakuindomo
489,Steins;Gate: Eigou Kaiki no Pandora
490,Ao no Flag
491,Usemono Yado
492,Chi no Wadachi
493,Koukaku Kidoutai: The Ghost in the Shell
494,Bokura ga Ita
495,Hidamari Sketch
496,Devilman
497,Toradora!
498,Golden Days
499,Shinai naru Boku e Satsui wo Komete
3000,Jigoku no Enra
3001,Sekai de Ichiban Warui Majo
3002,Senpai! Imakara Kokurimasu!
3003,Chiisana Hiroba
3004,Sekai Oni
3005,Hitomi-sensei no Hokenshitsu
3006,Tsuyokute New Saga
3007,I Love You yori Aishiteru
3008,Chou no Michiyuki
3009,Tales of the Abyss: Tsuioku no Jade
3010,Countrouble
3011,Kemono no Souja
3012,Hyakunen Renbo
3013,Eve no Jikan
3014,Nobara no Hanayome
3015,Munakata Kyouju Denkikou
3016,Higurashi no Naku Koro ni Jan: Tsubamegaeshi-hen
3017,Steins;Gate: Hiyoku Renri no Sweets Honey
3018,Deep Clear
3019,In The Chocolate
3020,Kanemochi-kun to Binbou-kun
3021,Girls & Panzer: Little Army
3022,Marin to Yuurei
3023,Uso Kano
3024,Hadi Girl
3025,Tenshi no Kiss
3026,Heaven!!
3027,Akuma no Ororon
3028,Kochira Katsushikaku Kameari Kouenmae Hashutsujo
3029,Wanted
3030,Dakedo Happy Paradise
3031,Confession
3032,Lodoss-tou Senki: Pharis no Seijo
3033,Gakkou no Ojikan
3034,Aiki
3035,Shokugyou Tenshi
3036,Deep Love Virus
3037,Skyhigh: Karma
3038,Hakobune Hakusho
3039,Otogi Matsuri
3040,Aozora Pop
3041,Ryuu no Hanawazurai
3042,Love Luck
3043,Fortune Arterial
3044,Pokémon Pocket Monsters
3045,Ace wo Nerae
3046,Matantei Loki Ragnarok
3047,Barbara Ikai
3048,The Change!
3049,Chibi☆Devi!
3050,Seton
3051,Houkago no Ouji-sama
3052,Tsubasa
3053,Take Over Zone
3054,Ragtonia
3055,Plastic Girl
3056,Kono Koi wo Wasurenai.
3057,Watashitachi wa Koi wo Shiranai
3058,"Shin no Nakama ja Nai to Yuusha no Party wo Oidasareta node, Henkyou de Slow Life suru Koto ni Shimashita"
3059,"Seibetsu ""Mona Lisa"" no Kimi e."
3060,Futari wa Daitai Konna Kanji
3061,Jiisan Baasan Wakagaeru
3062,Honnou Switch
3063,"Tashiro-kun, Kimi tte Yatsu wa."
3064,Houkago Teibou Nisshi
3065,Majo no Kaigashuu
3066,"Nanoni, Chigira-kun ga Amasugiru."
3067,Hayama-sensei to Terano-sensei wa Tsukiatteiru
3068,Heroine Hajimemashita.
3069,Haru to Midori
3070,Akuyaku Reijou Level 99: Watashi wa Ura-Boss desu ga Maou dewa Arimasen
3071,Ame demo Hare demo
3072,Leadale no Daichi nite
3073,Youjo to Scoop to Maganou
3074,Akuyaku Reijou no Shitsuji-sama: Hametsu Flag wa Ore ga Tsubusasete Itadakimasu
3075,Class no Daikirai na Joshi to Kekkon suru Koto ni Natta.
3076,Shouha Shouten!
3077,Log Horizon: Nishikaze no Ryodan
3078,Kurokouchi
3079,Shuukan Shounen Girl
3080,Vanilla Fiction
3081,Hanebado!
3082,Sayuri-san no Imouto wa Tenshi
3083,Ashi-Girl
3084,Sore wo Koigokoro to Yobu no nara
3085,Exorcist wo Otosenai
3086,Oounabara to Wadanohara
3087,Majo to Neko no Hanashi
3088,Koi wa Tsuzuku yo Dokomademo
3089,Rikei ga Koi ni Ochita no de Shoumei shitemita.
3090,Dumbbell Nan Kilo Moteru?
3091,Tomodachi wo Tsukurou.
3092,Deatte 5-byou de Battle
3093,Isekai Yakkyoku
3094,Mimi Mix!
3095,Fate/Grand Order: Turas Réalta
3096,Peach Girl
3097,Shirahimeshou
3098,Excel Saga
3099,Slayers: Medieval Mayhem
3100,Tetsuwan Atom
3101,Shoujo Kakumei Utena
3102,Zero no Tsukaima
3103,Doumu
3104,Good Morning Call
3105,Shin Shirayuki-hime Densetsu Pretear
3106,Kenkou Zenrakei Suieibu Umishou
3107,JoJo no Kimyou na Bouken Part 1: Phantom Blood
3108,Dororo
3109,Ogawa to Yukai na Saitou-tachi
3110,Kamisama Shinkaron
3111,Mr. Fullswing
3112,Nadeshiko Club
3113,Clannad 4-koma Manga Gekijyou
3114,Kimi no Iru Basho - Real x Fake
3115,Tengujin
3116,Boyfriend
3117,Hanasakeru Seishounen
3118,Ochanigosu.
3119,Dou Danjo!?
3120,Pokémon DP: Pocket Monsters Diamond Pearl Monogatari
3121,Watashi no + Okusuri
3122,Hoshiyomi no Yogensha
3123,Kimi wa Boku no Toriko Nare
3124,Giga Tokyo Toy Box
3125,Gente: Ristorante no Hitobito
3126,Bloody Cross
3127,Shouri no Akuma
3128,Tenkyuugi: Sephirahnatus
3129,Kaze no Sylphid
3130,Death Sweeper
3131,Tenchi Shinmei!
3132,Working Holiday
3133,Little Busters! EX: The 4-koma
3134,Kimi ni Ageru.
3135,Shin Kidou Senki Gundam Wing: Endless Waltz - Haisha-tachi no Eikou
3136,Cooking Papa
3137,Higurashi no Naku Koro ni: Batsukoishi-hen
3138,Minamoto-kun Monogatari
3139,Sai x Ai
3140,Mahou Sensei Negima! Volume 0
3141,Koi Kyokusei
3142,Abnormal-kei Joshi
3143,Mahou Shoujo Lyrical Nanoha Innocent
3144,Edo Karuta
3145,Fu-fu
3146,Bokura no Himitsu wo Kyouyuu Shiyou ka
3147,Kimi to Boku no Ashiato: Time Travel Kasuga Kenkyuusho
3148,Not Lives
3149,Koukaku Kidoutai: Stand Alone Complex
3150,Seireitsukai no Blade Dance
3151,Dounyatsu
3152,Gokukoku no Brynhildr
3153,"Soshite, Hare ni Naru"
3154,Kedamono Kareshi
3155,Soul Catcher(S)
3156,Kujonin
3157,Ao ni Naku
3158,Kimi ni Suki tte Iwasetai
3159,Kenki Renka: Re:Zero kara Hajimeru Isekai Seikatsu†Shinmeitan
3160,Isekai Shikkaku
3161,Meika-san wa Oshikorosenai
3162,Koi ga Fuufu ni Naru Mae ni
3163,"""Toutosugite Yomenaaaaaaai!!"" 4P Short Stories"
3164,Gimai Seikatsu
3165,Toaru Majutsu no Index Gaiden: Toaru Kagaku no Mental Out
3166,Ippo
3167,Shin Seitokai no Ichizon
3168,Yowamushi Pedal: Spare Bike
3169,Grisaia no Kajitsu: L'Oiseau bleu
3170,Asebi to Sora Sekai no Boukensha
3171,Ito Junji Kyoufu Hakubutsukan 9: Oshikiri Idan & Frankenstein
3172,Debusen
3173,Grisaia no Rakuen: Sanctuary Fellows
3174,.hack//G.U.+
3175,Kindan no Koi wo Shiyou
3176,Mamotte! Lollipop
3177,Kashimashi: Girl Meets Girl
3178,Miyuki
3179,Senki Senki Momotama
3180,D-ash
3181,KimiKiss: Various Heroines
3182,Honey Bitter
3183,Demon Sacred
3184,Georgie
3185,Stray Little Devil
3186,Tsubasa wo Motsu Mono
3187,Gaki no Koro kara
3188,"Kiss, Zekkou, Kiss"
3189,Litchi☆Hikari Club
3190,Dear Boys Act 2
3191,G・DEFEND
3192,Full Contact
3193,Hanako to Guuwa no Teller
3194,Nogizaka Haruka no Himitsu
3195,Shounenha Karyuudo
3196,S-senjou no Tena
3197,I-Revo: Ice Revolution
3198,Sabu to Ichi Torimono Hikae
3199,Gyakuten Kenji
3200,Kuro Ookami to Gingitsune
3201,My Fair Neighbor
3202,Yuzumori-san
3203,"Kimi wa, Ore ga Suki da tte Ittara Donna Kao suru darou."
3204,Koisuru Shirokuma
3205,Rojiura Kurashi
3206,Trinity Seven-san
3207,Totsugimasen kara!
3208,Mado kara Madoka-chan
3209,Moekare wa Orange-iro
3210,Hakui no Ousama
3211,Sora no Kiseki Gaiden: Löwe Monogatari
3212,Kitto Aishiteshimaunda.
3213,Arifureta Shokugyou de Sekai Saikyou
3214,Inai Boku wa Hotarumachi ni Iru
3215,Watashi no Yuri wa Oshigoto desu!
3216,Madoromi Barmaid
3217,Seijo no Maryoku wa Bannou desu
3218,Youjo Senki Shokudou
3219,Kaguya-sama wo Kataritai
3220,Shishunki Renaissance! David-kun
3221,Kimi ga Shinu made Ato 100-nichi
3222,Majo ga Koisuru 5-byoumae
3223,Kamonohashi Ron no Kindan Suiri
3224,Tada no Renai nanka de Kikkonai: Kojirase Joushi to Fetish na Buka
3225,Lv1 Maou to One Room Yuusha
3226,Kimi to Shiranai Natsu ni Naru
3227,Momo Raba
3228,Maji de Watashi ni Koi Shinasai!
3229,Ookami-san to Shichinin no Nakama-tachi
3230,Beageruta
3231,Seishun Walker
3232,7 Senchi!
3233,Junai Bride
3234,Devil Survivor
3235,Renai Boukun
3236,Masamune-kun no Revenge
3237,Watashi no Tomodachi ga Motenai no wa Dou Kangaetemo Omaera ga Warui.
3238,Hal
3239,Arslan Senki
3240,Haru x Kiyo
3241,Kimi ni shika Kikoenai
3242,Galaxy Angel 2nd
3243,Rockman EXE
3244,Punch!
3245,Karasuma Kyouko no Jikenbo
3246,Short Program
3247,Fight no Akatsuki
3248,Majo
3249,Kaguya-hime
3250,Inukami!
3251,Koi ni Ochita Ouji-sama
3252,Di[e]ce
3253,Ringo Hoppe no Koi
3254,Kiss
3255,Rappi Rangai
3256,S no Yuiitsu! M no Zettai
3257,"Suki, Tokoro ni yori Arashi."
3258,Doushirou de Gozaru
3259,Honey Crush
3260,Yuugo
3261,Hanshin
3262,Suki ni Naru made Matte
3263,Butterfly Kiss
3264,Yoru Café
3265,Shanimuni Go
3266,Nora
3267,unCassandra
3268,Lovely♥Lesson: Chuukyuu-hen
3269,Iinchou no Himegoto
3270,Junai★Sensation
3271,Hoshi no Furu Machi
3272,Houkago Play
3273,Chou Dokyuu Shoujo 4946
3274,Omamori no Kamisama
3275,Sekai no Hate de Aimashou
3276,Ibara no Okite
3277,Hatsukoi Lunch Box
3278,Orange Chocolate
3279,Hidan no Aria
3280,Keijo!!!!!!!!
3281,Saltiness
3282,Scarlet Order: Dance in the Vampire Bund 2
3283,Kaze ga Tsuyoku Fuiteiru
3284,Rojiura Brothers
3285,Urakata!!
3286,Ouji ga Watashi wo Akiramenai!
3287,Taki Takanosuke no Sanpo Jikan
3288,Joshikausei
3289,Haru no Ogawa wa Dokidoki Suru yo.
3290,Coulomb Fille
3291,Suna wo Kizamu Hari
3292,Shiyakusho
3293,Funouhan
3294,Chouchou Nannan
3295,Kodomo wa Wakatte Agenai
3296,Type-Moon Gakuen: Chibichuki!
3297,Akane-banashi
3298,Kuroneko to Majo no Kyoushitsu
3299,Tenohira Size.
3300,JK to Sutego no Akachan
3301,Baikoku Kikan
3302,Nijiiro Photograph
3303,"Maou Gakuin no Futekigousha: Shijou Saikyou no Maou no Shiso, Tensei shite Shison-tachi no Gakkou e Kayou"
3304,Bokutachi no Remake
3305,Lv2 kara Cheat datta Motoyuusha Kouho no Mattari Isekai Life
3306,Nomi x Shiba
3307,Kizudarake no Jinsei
3308,Goukaku no Tame no! Yasashii Sankaku Kankei Nyuumon
3309,Maji de Tsukiau 15-funmae
3310,Doujima-kun wa Doujinai
3311,Coffee Moon
3312,Seiyuu Radio no Uraomote
3313,Onna Tomodachi to Kekkon Shitemita.
3314,Wind Breaker
3315,Zettai ni Furo ni Hairitakunai Kanojo VS Zettai ni Furo ni Iretai Kareshi
3316,Deai
3317,Futari Ecchi
3318,Atashi wa Bambi
3319,Fairy Cube
3320,Yo no Na wa Zushio
3321,Tenchi Muyou! Ryououki
3322,Ikinari! Full Metal Panic!
3323,Saint Seiya Episode G
3324,Kimi no Kakera
3325,Gon
3326,Romeo x Juliet
3327,Orange Planet
3328,Taiyou no Mokushiroku
3329,Matsuri Special
3330,River's Edge
3331,Deep Love: Real
3332,Hotaru no Hikari
3333,Sweet 16
3334,Akuma na Kare to Ikenie Tenshi
3335,Seishun Shiteru Kai!
3336,Rocket Man
3337,Macross Frontier
3338,Fire Emblem: Hasha no Tsurugi
3339,Koisuru Futari no Mitsu na Yarikata
3340,Sketchbook: Shucchouban
3341,Lupin III Y
3342,Biyaku Cafe
3343,Death Edge
3344,Sumire♡17-sai!!
3345,Sora no Manimani
3346,Liar Game: Roots of A
3347,Rakuen
3348,Kuimonodokoro Akira
3349,Tokyo Kaido
3359,Phantom: Requiem for the Phantom
3360,Himikoi
3361,Gozen 3-ji no Muhouchitai
3362,Limit
3363,Junai Labyrinth
3364,Umibe no Onnanoko
3365,Morphine
3366,Hagoromo Mishin
3367,Lucky☆Star: Comic à la carte
3368,Little Busters! Ecstasy Series
3369,Usotsuki Kusuriyubi
3370,Mardock Scramble
3371,Suki tte Iwaseru Houhou
3372,Usotsuki Mii-kun to Kowareta Maa-chan: Totteoki no Uso
3373,Kamisama no Memochou
3374,Heart no Kuni no Alice: My Fanatic Rabbit
3375,Yuurei Apartment Kanrinin
3376,Tiger & Bunny
3377,Yuuyake Rocket Pencil
3378,"Lonely Wolf, Lonely Sheep"
3379,Terra Formars
3380,Shuuten Unknown
3381,Stand Up!
3382,Magdala de Nemure
3383,Anne no Seishun
3384,Lock On!
3385,Tales of the Abyss: Senketsu no Asch
3386,Futari no Himitsu
3387,Majo no Biyaku
3388,Ane-san Countdown!
3389,Pink to Gray
3390,Girls & Panzer
3391,Koukyuu Days
3392,Ito Junji Kyoufu Manga Collection - Chi Tamaki
3393,Kuzu no Honkai
3394,Toaru Kagaku no Railgun: Giten Railgun
3395,Stay Gold
3396,Silver Diamond Gaiden
3397,Kijitora Neko no Koume-san
3398,Grisaia no Kajitsu: Sanctuary Fellows
3399,Dangan Honey
3400,Ludwig Gensoukyoku
3401,Fudanshi Koukou Seikatsu
3402,Tonari no Kyuuketsuki-san
3403,Kenka Banchou Otome: Koi no Battle Royal
3404,Koutetsujou no Kabaneri
3405,Op: Yoake Itaru no Iro no Nai Hibi
3406,Rokudou no Onna-tachi
3407,Machigatta Ko wo Mahou Shoujo ni Shiteshimatta
3408,Kimi ga Shinu Natsu ni
3409,Violence Action
3410,γ
3411,Kingdom - Soushuuhen
3412,Dr. Duo
3413,Ayakari-Zoushi
3414,Graineliers
3415,Kimi no Iru Machi: Mousou 200-wa
3416,Senakagurashi
3417,Mokushiroku Alice
3418,Ousama-tachi no Viking
3419,Rudolf Turkey
3420,Sakura Discord
3421,Tonari no Robot
3422,Frau Faust
3423,Tenjou Tenge
3424,Sono Mukou no Mukougawa
3425,Sei♥Dragon Girl
3426,Apothecarius Argentum
3427,Bijo ga Yajuu
3428,FLCL
3429,Goth
3430,Doujin Work
3431,Yumeyume Kirakiradou
3432,Slayers: Knight of the Aqualord
3433,Skyhigh
3434,Lodoss-tou Senki: Eiyuu Kishi Den
3435,Yousai Gakuen
3436,Zero-In
3437,Tomodachi
3438,Kimi to Scandal!
3439,Mizu no Yakata
3440,Hakaiou Noritaka!
3441,Eikoku Kizoku Goyoutashi
3442,Hokuto no Ken - Toki Gaiden
3443,W-Pinch!!
3444,Lovey Dovey
3445,Shura no Mon
3446,Full Moon Joker
3447,Peace Maker
3448,Shuffle: Tick! Tack!
3449,High School! Kimengumi
3450,Ojousama no Himitsu♥
3451,M☆G☆Darling
3452,Love Fighter!
3453,Brave 10
3454,Street Fighter: Sakura Ganbaru!
3455,GeGeGe no Kitarou
3456,Shinsetsu Bobobo-bo Bo-bobo
3457,Aphorism
3458,Code Geass: Hangyaku no Lelouch Koushiki Comic Anthology For Girls - Knight
3459,Kami no Hidarite Akuma no Migite
3460,Kono Uchi de Kimi to
3461,+C: Sword and Cornett
3462,Inu wo Kau
3463,Mirai Nikki: Paradox
3464,Koigokoro♥Koushinchuu
3465,Gate 7
3466,Koakuma Lion
3467,Jiujiu: Jujuu
3468,Tantei Xeno to Nanatsu no Satsujin Misshitsu
3469,Oinari JK Tamamo-chan!
3470,Seikaku Kuzu de Nani ga Warui
3471,Shuukan Shounen Hachi
3472,Oukyuu no Trinity
3473,Cotton Candy
3474,Yurikon
3475,Karekore Kirakira Machi
3476,Hitomi-chan wa Hitomishiri
3477,Shinigami ni Sodaterareta Shoujo wa Shikkoku no Ken wo Mune ni Idaku
3478,Fire Emblem Heroes: Eiyuu-tachi no Nichijou
3479,Haikei... Koroshiya-san to Kekkon Shimashita
3480,Mikansei demo Koi ga Ii
3481,Yuko Sae Tatakaeba
3482,Kijima-san to Yamada-san
3483,Sodom no Hana ni Kiraboshi
3484,Ore no Imouto ga Konnani Kawaii Wake ga Nai: Ayase If
3485,Futari Escape
3486,Sanju Mariko
3487,Hisakata no Oto
3488,Best of Best: Itou Junji Tanpenshuu
3489,Isekai demo Bunan ni Ikitai Shoukougun
3490,Shinsetsu Ookami to Koushinryou: Ookami to Youhishi
3491,Spider-Man: Itsuwari no Aka
3492,Yuujin Character wa Taihen desu ka?
3493,Mahoutsukai no Yome Shihen.108: Majutsushi no Ao
3494,Shinu hodo Kimi no Shojo ga Hoshii
3495,"Sakura, Saku."
3496,Gokuto Jihen
3497,Kainushi Juujin to Pet Joshikousei
3498,Ensemble Stars!
3499,Risou no Himo Seikatsu
3500,Uchi no Tsukaima ga Sumimasen
3501,Arifureta Nichijou de Sekai Saikyou
3502,Shinobi Yoru Koi wa Kusemono
3503,Black Paradox
3504,Kimi no Neiro
3505,Tonari no Kashiwagi-san
3506,Kidou Senshi Gundam MSV-R: Johnny Ridden no Kikan
3507,360° Material
3508,Gokicha
3509,Accel World
3510,Shi ni Itaru Yamai
3511,Tonnura-san
3512,Hanasaku Iroha
3513,Strike Witches: Katayoku no Majo-tachi
3514,Tiger & Bunny The Comic
3515,Shinigamihime no Saikon
3516,Joshikouhei
3517,Renai Demo Classic
3518,Persona 4 The Magician
3519,Centaur no Nayami
3520,Kendo Shitouden Cestvs
3521,True Love
3522,The Unlimited: Hyoubu Kyousuke
3523,"Tensei shite High Elf ni Narimashita ga, Slow Life wa 120-nen de Akimashita"
3524,Ayashimon
3525,Busou Renkin
3526,Ueki no Housoku Plus
3527,Y十M: Yagyuu Ninpouchou
3528,Renai Junkie
3529,Naisho no Tsubomi
3530,Vampire Miyu
3531,Kaine
3532,Cat's Eye
3533,Variante
3534,Sonnan ja Nee yo
3535,Milk Crown Lovers
3536,A to Z
3537,Dr. wa Ijiwaru na Kisu de
3538,The Nightmare Before Christmas
3539,Roman
3540,Hello Harinezumi
3541,Shijou Saikyou no Gaiden
3542,Seishun Panda!
3543,Sousakusha
3544,Wolf Guy: Ookami no Monshou
3545,Benkyou no Jikan
3546,Esprit
3547,Inorihime wa Sora ni Warau
3548,Oyome ni Ikenai!
3549,Komomo Confiserie
3550,Mune ga Naru no wa Kimi no Sei
3551,Ashizuri Suizokukan
3552,Mayoke no Darling
3553,Kanna to Decchi
3554,Hibike! Euphonium: Kitauji Koukou Suisougaku-bu e Youkoso
3555,Bikachou Shinshi Kaikoroku
3556,Shuuden ni wa Kaeshimasu
3557,"Daidai wa, Hantoumei ni Nidone suru"
3558,Katsute Mahou Shoujo to Aku wa Tekitai shiteita.
3559,Baymax
3560,Inu-bu! Bokura no Shippo Senki
3561,Anne Happy♪
3562,Tenshi to Akuto!!
3563,Nibiiro Musica
3564,Hot Milk
3565,Jigoku Shoujo R
3566,Haru Koi
3567,Strike Witches Zero: 1937 Fusou Kaijihen
3568,Hallelujah Overdrive!
3569,Ao no Rhapsodia
3570,Kimi to Koi wo Shitta
3571,Josou Shounen Anthology Comic
3572,Woodstock
3573,Comic☆Studio
3574,Strike the Blood
3575,Hataraku Maou-sama! High School!
3576,Ozmafia!!
3577,Toaru Majutsu no Index: Endymion no Kiseki
3578,Koi nante Shinai!
3579,Sora yori mo Tooi Basho
3580,Toki wo Koeru Kage
3581,Watashi no Kobushi wo Uketomete!
3582,Kimi ga Shine: Tasuuketsu Death Game
3583,Koe no Chiisai Komori-san to Kusodeka Oogoe no Oobayashi-kun
3584,Worst Gaiden: Zetton-sensei
3585,Suenagaku Yoroshiku Onegaishimasu
3586,Mizuki-senpai no Koi Uranai
3587,Kao dake ja Suki ni Narimasen
3588,Daddy Darling
3589,Aa toka Uu shika Ienai
3590,Shounen wo Kau
3591,Dragon Ball Super
3592,Odette
3593,Swap⇔Swap
3594,Yuragi-sou no Yuuna-san
3595,Watashi to Sensei no Genjuu Shinryouroku
3596,Sounan desu ka?
3597,RWBY: Official Manga Anthology
3598,Fate/Grand Order: Mortalis:Stella
3599,Togari
3600,Gertrude no Recipe
3601,Dice
3602,Zelda no Densetsu: Fushigi no Kinomi - Jikuu no Shou
3603,Ichigo Channel
3604,Diamond Head
3605,Tetsunabe no Jan
3606,Zelda no Densetsu: Kamigami no Triforce (2005)
3607,Shinyaku Seisho
3608,Robot
3609,Potemayo
3610,Kimi ga Suki
3611,Chocolate Cosmos
3612,Heat
3613,7-genme wa Himitsu.
3614,Mokke
3615,Doors of Chaos
3616,Yurusarete Inai Watashitachi
3617,Shikabane Hime
3618,Toudo no Tabibito
3619,Sengoku Basara Ranse Ranbu
3620,Mayonaka Express
3621,Ai Ore!: Danshikou no Hime to Joshikou no Ouji
3622,Kono Yo no Owari e no Tabi
3623,Gin no Sankaku
3624,School Rumble Z
3625,Tales of Vesperia
3626,Lamento - Beyond the Void -
3627,Shitsuren Chocolatier
3628,Shurayuki-hime: Fukkatsu no Shou
3629,Shinyaku Ookami ga Kuru!
3630,Yoningurashi
3631,Gamble Fish
3632,Gakkou no Sensei
3633,Maruoka-san Chi no Kyouikugakari
3634,Blue
3635,Isekai Omotenashi Gohan
3636,Jingai no Yome to Ichaicha suru: Anthology Comic
3637,Ballad x Opera
3638,Zettai ni Tokimeite wa Ikenai!
3639,Meitantei Conan: Hannin no Hanzawa-san
3640,Neko ga Nishi Mukya
3641,Miageru to Kimi wa
3642,Ojou to Banken-kun
3643,Katabami to Ougon
3644,Boku no Hero Academia: Team Up Mission
3645,Mashima Hero's
3646,Nikurashii hodo Aishiteru
3647,Gyakusatsu Happy End
3648,Kai Byoui Ramune
3649,Hayaku Shitai Futari
3650,Kage no Jitsuryokusha ni Naritakute!: Shadow Gaiden
3651,Hikidashi ni Terrarium
3652,Bear Bear
3653,Final Fantasy Reishiki Gaiden: Hyouken no Shinigami
3654,Geten no Hana
3655,Aoi Uroko to Suna no Machi
3656,Amagi Brilliant Park
3657,Natsume Isaku Fanbook
3658,Danshi Koukousei no Nichijou Anthology
3659,Ichiba Kurogane wa Kasegitai
3660,Taihen Yoku Dekimashita.
3661,Durarara!! Relay
3662,Soumatou Kabushikigaisha
3663,Demokratia
3664,One Piece Party
3665,Harmony
3666,Kamui Den
3667,Uta no☆Prince-sama♪
3668,11-nin Iru!
3669,Miyori no Mori
3670,Otoko no Isshou
3671,Hayabusa: Sanada Dengekichou
3672,Kami ka Akuma ka
3673,Otogimoyou Ayanishiki: Futatabi
3674,The Innocent
3675,Reset!
3676,"""Aoi"" Hikaru ga Chikyuu ni Ita Koro......"
3677,High School DxD: Asia & Koneko no Himitsu no Keiyaku!?
3678,Hanayamata
3679,Mayonaka Lolita
3680,Hyper Police
3681,Kidou Senshi Gundam SEED: Astray
3682,Claudine...!
3683,Milk Crown
3684,Mamacolle
3685,Brilliant na Mahou
3686,Limited Lovers
3687,Kidou Senshi Gundam 00F
3688,First Girl
3689,Amai*Suppai*Horonigai
3690,Wild da mon♥
3691,Motto Itte♥
3692,Houkago Orange
3693,Hakuji
3694,Happy Happy Clover
3695,Little Little
3696,Gyakuten Saiban Official Anthology Comic: Mitsurugi-hen
3697,Mutsu Enmei-ryuu Gaiden: Shura no Toki
3698,Ginga Eiyuu Densetsu
3699,Be-Bop-Highschool
3700,Sentimental
3701,Goggles
3702,Mimi no Kaidan
3703,Perfect XXX
3704,Canaan
3705,Kanchigai Musume to Buchigire Ouji
3706,Zero
3707,Doublets
3708,Devil Summoner: Kuzunoha Raidou Tai Kodoku no Marebito
3709,Tsubaki Biyori
3710,"No Game No Life, desu!"
3711,Kyuusai no Hi
3712,Utsusemi ni Akari
3713,Yappari Taro-kun wa Kou Miete Igai to xxx desu.
3714,Boku ga Watashi ni Naru Tame ni
3715,Yami ni Hau Mono
3716,Kumanishi Bijutsubu Rough Sketch-senpai
3717,25-ji no Vacances
3718,Akame ga Kill! 1.5
3719,Sword Art Online Alternative: Gun Gale Online
3720,Tetsunaki no Kirinji
3721,Trinity Seven: Levi Ninden
3722,Taro-kun wa Kou Miete Igai to xxx desu.
3723,Youkoso Jitsuryoku Shijou Shugi no Kyoushitsu e
3724,Ningyohime no Gomen ne Gohan
3725,LLLL
3726,Kiss made Ato 3 cm
3727,Kore kara Hajimaru Koi wo Oshiete
3728,Kanojo wa Mada Koi wo Shiranai
3729,Sekai no Hajikko to Anzu Jam
3730,Aitsu to Kanojo to Mahou no Te
3731,"Baito-saki wa ""Aku no Soshiki""!?"
3732,Watashi no Kawaii Koneko-chan
3733,6-gatsu no Love Letter
3734,Tabi to Gohan to Shuumatsu Sekai
3735,Choroi desu yo Onigoroshi-san!
3736,"Shounen, Chotto Sabotteko?"
3737,Sekiro Gaiden: Shinazu Hanbei
3738,Sword Art Online: Progressive - Houei no Barcarolle
3739,Sekai wa Owattemo Ikiru tte Tanoshii
3740,Unmei no Hito to Deaeru Koisuru Appli
3741,Fool Night
3742,Cherry Juice
3743,Café Kichijouji de
3744,Mikan no Tsuki
3745,Kilala☆Princess
3746,NOiSE
3747,Seikai no Monshou
3748,Canon
3749,Devil & Devil
3750,Onegai☆Teacher
3751,Manga Mitai na Koi Shitai!
3752,Noramimi
3753,Zelda no Densetsu: Fushigi no Boushi
3754,Gerbera
3755,Liberty☆Liberty!
3756,Koisuru Piano
3757,Toshiue no Hito
3758,Tsuki to Mizu no Yoru
3759,PaniPoni
3760,Luck Stealer
3761,Katakoi no Tsuki
3762,AAA
3763,Samurai Usagi
3764,Shinigami Lovers
3765,Tonari no Shugoshin
3766,Smash 1
3767,Shina Dark: Kuroki Tsuki no Ou to Souheki no Tsuki no Himegimi
3768,Angel♥Time
3769,Bound Beauty
3770,Dan Doh!!
3771,Boku no Platinum Lady
3772,Pygmalio
3773,Princess Ver.1
3774,99% Cacao
3775,Mother Keeper
3776,Hatsukoi ni Oboreta
3777,Ano Ko to Boku no Ie
3778,Onidere
3779,.hack//4-koma
3780,Tokyo Toy Box
3781,Clover
3782,Love Sick
3783,Koi wa Tenka no Mawarimono
3784,Hyakujuu Kingdom
3785,"Fly, Daddy, Fly"
3786,Dear Girl: Stories - Hibiki
3787,Angel Beats! The 4-koma: Bokura no Sensen Koushinkyoku♪
3788,Jigoku no Alice
3789,Tetsuwan Birdy Evolution
3790,Renai Kaidan Sayoko-san
3791,Hatsukoi no Tsuzuki
3792,Ashita Dorobou
3793,Hoshi wo Tsugu Mono
3794,Corseltel no Ryuujitsushi Monogatari
3795,Oda Nobuna no Yabou
3796,Getenrou
3797,Flowernoid no Shuufukushi
3798,Kimi ni Utsuru Hoshi
3799,Usotsuki Planet
3800,-Hitogatana-
3801,Kidou Senshi Gundam Unicorn: Bande Dessinee
3802,Honoo no Tenkousei
3803,Stand Up!!!!
3804,Wanitokagegisu
3805,Wolf Guy
3806,Watashi wa Shingo
3807,Rewrite: Side-R
3808,Boku to Kimi to de Niji ni Naru
3809,Cirque Arachne
3810,Scientia
3811,Boku wa Tomodachi ga Sukunai Shobon!
3812,Rurouni Kenshin: Tokuhitsuban
3813,Mayple-san no Koucha Jikan
3814,Hanazakari no Kimitachi e: After Story
3815,Yami no Naka no Crown
3816,Kyou mo Uchi de Machiawase
3817,Kanojo ni Naru Hi: Another
3818,Onnanoko ga Shinu Hanashi
3819,Toaru Nichijou no Index-san
3820,S Love
3821,Tsubasa: WoRLD CHRoNiCLE - Niraikanai-hen Shucchouban
3822,Persona 4: The Ultimax Ultra Suplex Hold
3823,Eyeshield 21
3824,Chikyuu no Owari wa Koi no Hajimari
3825,Good Night World
3826,Koi to Yobu ni wa Kimochi Warui
3827,Koe Koi
3828,Futsuu no Koiko-chan
3829,Okuru Kotoba
3830,Strawberry Fields wo Mou Ichido
3831,Shunkan Gradation
3832,Dragon Head
3833,Slayers Special
3834,Kamui
3835,Handsome na Kanojo
3836,Mai-Otome
3837,Girls Saurus DX
3838,Short Cuts
3839,Hyakuman Tsubu no Namida
3840,Sakura Rhythm
3841,Kimi no Kachi
3842,Crimson Grave
3843,Gakuen Sousei Nekoten!
3844,Hatsukare
3845,Uwasaya
3846,Sugar☆Family
3847,My Sweet Dragon
3848,Seirei no Moribito
3849,Super Mario Adventures: Mario no Daibouken
3850,Ike! Ina-chuu Takkyuubu
3851,Glittering X-Mas Story 2003
3852,Kidou Senshi Gundam: C.D.A. - Wakaki Suisei no Shouzou
3853,Tom Sawyer
3854,Cyboy
3855,Dash! Kappei
3856,Senjou no Valkyria: Gallian Chronicles
3857,Seiken no Blacksmith
3858,Mismarca Koukoku Monogatari
3859,Shounen Maid
3860,Boku no Kanojo wa Saikou desu!
3861,Tenchi Souzou Design-bu
3862,Dakara Miyoko Desu
3863,Mikazuki no Karte
3864,Kindaichi 37-sai no Jikenbo
3865,Kono Koi wa Fukami-kun no Plan ni wa Nai.
3866,Kengan Ashura 0
3867,"Mochiron, Isharyou Seikyuu Itashimasu!"
3868,Elf to Shuryoushi no Item Koubou
3869,"""Omae Gotoki ga Maou ni Kateru to Omouna"" to Yuusha Party wo Tsuihou sareta node, Outo de Kimama ni Kurashitai the Comic"
3870,Shuumatsu no Walküre: Lu Bu Housen Hishouden
3871,Tasogare Memorandum
3872,10th: You and I fell in love with the same person.
3873,JK to Tomodachi no Okan
3874,Kurogane no Valhallian
3875,Ottoman
3876,Jewelry: Hane to Kotori no Subarashiki Hibi
3877,Men's Life
3878,Reo to Mabu: Futari wa Sarazanmai
3879,Magia Record: Mahou Shoujo Madoka☆Magica Gaiden
3880,Koi wa Kamen no Uchigawa ni
3881,Kaii to Otome to Kamikakushi
3882,Sore wa Rei no Shiwaza desu
3883,Coffee & Vanilla Black
3884,#DRCL Midnight Children
3885,Saint Seiya: Saintia Shou
3886,Heart no Kuni no Alice: Koisuru Ibara no Meikyuu
3887,Hope
3888,Shinigami-sama to 4-nin no Kanojo
3889,Hanabatake to Wakarebanashi
3890,Sarishinohara
3891,Wakako-zake
3892,Suicide Parabellum
3893,Kotonoba Drive
3894,Stretch
3895,Binetsu Kuukan
3896,"Sayonara, Heron"
3897,SK8R'S
3898,Chikyuu no Houkago
3899,Sora no Yousei
3900,Danna ga Nani wo Itteiru ka Wakaranai Ken
3901,Persona Q: Shadow of the Labyrinth - Side:P4
3902,Blend S
3903,Udon no Kuni no Kiniro Kemari
3904,Meisou Senshi Nagata Kabi
3905,Kill Me Baby
3906,Alosmente
3907,La Quinta Camera
3908,Zennou no Noa
3909,Blue Friend
3910,Mashiro no Oto
3911,Mahochuu!
3912,Brave 10 Spiral
3913,Papa no Iukoto wo Kikinasai!: Takanashi no Hidamari
3914,Tenshi ½ Houteishiki
3915,Tsubaki-chan no Nayamigoto
3916,Biohazard: Marhawa Desire
3917,Papa no Iukoto wo Kikinasai!: Usagi no Mark
3918,Mashikaku Rock
3919,Dadadadan.
3920,Accel World/Dural: Magisa Garden
3921,Flip Flap: Okamoto Lynn Tanpenshuu
3922,Hana to Hoshi
3923,Aku no Kyouten
3924,Dance in the Vampire Bund: Sledge Hammer no Tsuioku
3925,Yorozuya Toukaidou Honpo
3926,Ozanari Dungeon
3927,Bastard!! Ankoku no Hakaishin
3928,Earthian
3929,Gyo: Ugomeku Bukimi
3930,Translucent: Kanojo wa Hantoumei
3931,Manhole
3932,Ribbon no Kishi
3933,Tenma no Ketsuzoku
3934,Kami to Sengoku Seitokai
3935,Home
3936,Deadman
3937,Boku wo Tsutsumu Tsuki no Hikari: BokuTama Jisedai-hen
3938,Honey Hunt
3939,Tokage
3940,Auto Focus
3941,Hadaka no Ouji-sama: Love Kingdom
3942,Sweet II - Embrace Me Until I Break
3943,"Ima, Ai ni Yukimasu"
3944,Dragon Quest Retsuden: Roto no Monshou
3945,Rakuen Route
3946,Maria†Holic
3947,Outlaw Star
3948,Clamp in Wonderland EX
3949,Lady!!
3950,Versailles no Bara Gaiden
3951,Emma
3952,Gokujou no Yoru wo Ageru
3953,Baccano! 1931 The Grand Punk Railroad
3954,Kokuhaku Club
3955,Yuki no Kuni kara
3956,Aisubeki Musumetachi
3957,Shinigami to Chocolate Parfait
3958,Souten Kouro
3959,Vampir
3960,Higurashi no Naku Koro ni: Hirukowashi-hen
3961,Kirei no Tamago
3962,Innocents Shounen Juujigun
3963,Gakkou no Sensei
3964,Kiss Me Host-Gumi
3965,Happy Sugar Life
3966,Koro-sensei Q!
3967,Sword Art Online: Hollow Realization
3968,NeuN
3969,Bocchi Hakase to Robot Shoujo no Zetsubouteki Utopia
3970,Toshishita no Otokonoko
3971,20 Seiki Shounen Tanteidan
3972,"Yamete kudasai, Koishii desu."
3973,Sekai no Owari no Encore
3974,High School DxD: Akuma no Oshigoto
3975,23:45
3976,Nyankees
3977,Shinainaru A-jou e no Mystery
3978,Rurouni Kenshin: Meiji Kenkaku Romantan - Hokkaido-hen
3979,Gesshoku Kitan
3980,Mejirobana no Saku
3981,Otome Danshi ni Koisuru Otome
3982,Pashiri na Boku to Koisuru Banchou-san
3983,Game of Familia: Kazoku Senki
3984,K-On! Shuffle
3985,Kao ni Denai Kashiwada-san to Kao ni Deru Oota-kun
3986,Shiawase Kanako no Koroshiya Seikatsu
3987,Maou-sama to Kekkon shitai
3988,Yochi Nouryoku Manga: Kunou Chiyo
3989,Undead Unluck
3990,Ameagari no Bokura ni Tsuite
3991,"Ijimeru Aitsu ga Warui no ka, Ijimerareta Boku ga Warui no ka?"
3992,Cinderella wa Sagasanai.
3993,Koisuru Mitsuba
3994,Shinazu no Ryouken
3995,Sakurasaku Syndrome
3996,Re:Marina
3997,4-koma Koushiki Anthology: Toaru Kagaku no Railgun x Toaru Majutsu no Index
3998,Yuki wa Jigoku ni Ochiru no ka
3999,Seikai no Monshou
4000,Monster Girl
4001,Baki Gaiden: Kizuzura
4002,Harigane Service
4003,Minidura
4004,Mezametara Hana no Kiss
4005,Ashita no 3600-byou
4006,Time Stranger Kyoko
4007,Gachagacha
4008,Boku ni Natta Watashi
4009,Tsurebito
4010,"Haru yo, Koi"
4011,Ichiban!!!
4012,Zetsuai 1989
4013,Kamichu!
4014,K no Souretsu
4015,Ciguatera
4016,HaruHana
4017,Ryuuguuden
4018,Souta-kun no Akihabara Funtouki
4019,Usagi Drop
4020,Iinazuke Ryokan
4021,Kirai
4022,Midnight☆Children
4023,Sakigake!! Otokojuku
4024,Mirumo de Pon!
4025,Boku no Koi no Hanashi Himegoto
4026,Ichigeki Sacchuu!! Hoihoi-san
4027,Hizamazuite Ai wo Chikae
4028,Ja-Dou: Tenmou Yatan
4029,Goraihou Gakuen e Youkoso!
4030,Akuma de Koibito.
4031,Kimi ga Aruji de Shitsuji ga Ore de
4032,Naki Shoujo no Tame no Pavane
4033,17
4034,Hot Road
4035,Coffee Jikan
4036,Kuzumoto-san Chi no Yonkyoudai
4037,Let's☆Lagoon
4038,Tousei Gensou Hakubutsushi
4039,Sister Generator
4040,Shinigami-sama ni Saigo no Onegai wo
4041,Zettai†Joousei
4042,Saikyou! Toritsu Aoizaka Koukou Yakyuubu
4043,Yashio to Mikumo
4044,MM!
4045,Dear!
4046,Boku no Lily
4047,Hakuouki
4048,Kiss made no Kyori
4049,Helvetica Standard
4050,Mahou Shoujo Madoka★Magica: Anthology Comic
4051,Kidou Senshi Crossbone Gundam: Ghost
4052,49
4053,K: Stray Dog Story
4054,Black Bullet
4055,Shinigamihime no Saikon: Baraen no Tokei Koushaku
4056,Doubt!
4057,Jesus
4058,Oumagadoki Doubutsuen
4059,Hanza Sky
4060,Magnolia
4061,Wolfsmund
4062,Super Doctor K
4063,Liselotte to Majo no Mori
4064,DCD
4065,Katakoi Drops
4066,Kataribe no List
4067,Haikyo Shoujo
4068,Naisho no Jikan
4069,Young Black Jack
4070,The iDOLM@STER 2: The World Is All One!!
4071,Tail Star
4072,"Omae wo Otaku ni Shiteyaru kara, Ore wo Riajuu ni Shitekure!"
4073,Eiyuu Densetsu: Zero no Kiseki Pre-story - Shinpan no Yubiwa
4074,Majo to Hatsukoi.
4075,Me ni wa Sayaka ni
4076,Neko Ane.
4077,"Slime Taoshite 300-nen, Shiranai Uchi ni Level Max ni Nattemashita"
4078,Neeko wa Tsurai yo
4079,Hitman
4080,Tou no Kanri wo Shitemiyou
4081,Shouwa Otome Otogibanashi
4082,Hataraku Saibou Baby
4083,Santairiku Eiyuuki
4084,Marvel x Shounen Jump+ Super Collaboration
4085,Akuyaku Reijou Tensei Ojisan
4086,"Mezametara Saikyou Soubi to Uchuusenmochi Datta node, Ikkodate Mezashite Youhei toshite Jiyuu ni Ikitai"
4087,Inoue-kun Hajimemasen ka?
4088,Juujin-san to Ohana-chan
4089,Otomege no Mob desura Nai n da ga
4090,Tonari no Oneesan ga Suki
4091,Kanojo wa Rokurokubi
4092,Kao ni Dasenai Yoshizawa-kun
4093,"Hoshi to Kuzu: Don't Worry, Be Happy!"
4094,Bye-bye Liberty
4095,Fushigi no Kuni no Arisugawa-san
4096,Ningyou no Kuni
4097,Babylon made wa Nankounen?
4098,Kirei ni Shitemoraemasu ka.
4099,Koi to Utatane
4100,Beautiful People
4101,Kidou Senshi Gundam 0079
4102,Princess Princess Plus
4103,Gorgeous Carat Galaxy
4104,Nanase
4105,Waltz wa Shiroi Dress de
4106,Made in Heaven
4107,Oka no Ue no Rakuen
4108,Zelda no Densetsu: Fushigi no Kinomi - Daichi no Shou
4109,Getter Robo
4110,Kurogane
4111,Ultra Red
4112,Kimi wa Boku wo Suki ni Naru
4113,Ringo Nikki
4114,Sweet Black
4115,Lovesick
4116,Hitohira no Koi ga Furu
4117,Otona no Jikan
4118,Hachimitsu no Hana
4119,Bari Haken
4120,Kiss Kiss
4121,Kidou Senshi Gundam 00
4122,Corseltel no Ryuujitsushi
4123,Neko Ramen
4124,Hajime-chan ga Ichiban!
4125,Fuan no Tane+
4126,Bishounen Moraimashita
4127,Himitsu no Shitsuji-kun
4128,"Konya, Kimi ni Ai ni Iku"
4129,Rumic World
4130,Higurashi no Naku Koro ni: Kokoroiyashi-hen
4131,Kimi no Tonari de Seishunchuu.
4132,Crazy Love Game
4133,Tsumi Koi
4134,Venus ni Arazu
4135,Kakko Warukute Kakkoii Kimi
4136,Try Me Boy!
4137,Drop
4138,Chibi-san Date
4139,Tenkuu Shinpan
4140,Space☆Dandy
4141,Kin no Kanojo Gin no Kanojo
4142,Complex Age
4143,Boku wa Mondai Arimasen
4144,7th Garden
4145,Onyanoko Darlin'
4146,Heart no Kuni no Alice: Tokei Usagi to Gogo no Koucha wo
4147,Hello Again
4148,Yumekoi
4149,Sword Art Online: Girls Ops
4150,"Koi toka, Kiss toka, Karada toka."
4151,Kirisame ga Furu Mori
4152,Enidewi
4153,Kagerou Daze Koushiki Anthology Comic: Bitter
4154,"Sennen no Tsubasa, Hyakunen no Yume: les Gardiens du Louvre"
4155,Love Phantom
4156,Hai to Gensou no Grimgar
4157,Coffee & Vanilla
4158,Charlotte the 4-koma: Seishun wo Kakenukero!
4159,Working!! Web-ban
4160,Souboutei Kowasubeshi
4161,Boku to Ane no Kekkon
4162,Hotarubi no Mori e Aizouban
4163,Trinity Seven: Liese Chronicle
4164,Aono-kun ni Sawaritai kara Shinitai
4165,Sekai ka Kanojo ka Erabenai
4166,Osake wa Fuufu ni Natte kara
4167,Dive in the Vampire Bund
4168,Koukou Kyuuji Zawa-san
4169,Zettai☆Reiiki
4170,Girlish Sweet: Atashi no Kanojo
4171,Dainana Joshikai Houkou
4172,Denpa Onna to Seishun Otoko
4173,Tsuki Tsuki!
4174,Fukashigi Philia
4175,Tiger & Bunny Comic Anthology
4176,Waltz
4177,Renren Zakari
4178,Sangoku Rensenki: Otome no Heihou!
4179,Majime na Jikan
4180,Hibari no Asa
4181,Kakuritsu Sousakan Mikoshiba Gakuto
4182,Last Notes
4183,Shinmai Maou no Testament
4184,Kuro no Tantei
4185,Himouto! Umaru-chan G
4186,"Akuyaku Reijou wa, Shomin ni Totsugitai!!"
4187,Itai no wa Iya nanode Bougyoryoku ni Kyokufuri Shitai to Omoimasu.
7000,Kyo→dai dakara Nanda yo!?
7001,Lovely♥Lesson: Hair Make-hen
7002,Heureka
7003,Hoshi no Canvas
7004,Kiseki no Koibana
7005,Magarikado no Bokura
7006,Hokuto no Ken - Jagi Gaiden
7007,Ohitorisama Monogatari
7008,Manga no Tsukurikata
7009,Yu☆Gi☆Oh! 5D's
7010,Imomushi
7011,Twinkle Cherry
7012,Yami no Alexandra
7013,Hatsujou Junjou☆Douwa
7014,Metallic Colors
7015,Tabetai Hito
7016,Survival: Shounen S no Kiroku
7017,Samishii Hito
7018,Akuyaku Cinderella
7019,Yu☆Gi☆Oh! Arc-V
7020,Boku to René to Aoarashi
7021,Rozen Maiden 0
7022,Boku wa Uchuujin ni Koi wo Shita.
7023,Kare to Kanojo no Chiguhagu
7024,"""Suki"" da nante Zettai ni Iwanai"
7025,Akai Ito Kudasai
7026,Komatsubara ga Koibito ni Naritasou ni Kochira wo Miteiru!
7027,Maou no Hisho
7028,Busu ni Hanataba wo.
7029,I Am Sherlock
7030,Fuuka: Yacchau!? Heroine to no Mousou Hatsutaiken - Special Edition
7031,Futari Solo Camp
7032,Haritoge Clemmie to Ou no Ie
7033,"Boku wa, Yuri na Oneechan wo Ouen shiteimasu"
7034,Hatsukoi to Taiyou
7035,Madougushi Dahlia wa Utsumukanai
7036,Hana to Sakazuki
7037,Isekai de Tochi wo Katte Noujou wo Tsukurou
7038,Iwakutsuki Bukken no Yakuro-san
7039,Houjou Urara no Renai Shousetsu Okakinasai!
7040,Ameiro Curriculum
7041,Kimi wa Shinenai Haikaburi no Majo
7042,Uranaishi no Nayamigoto
7043,Valhalla Ochinchin-kan
7044,Hana-san wa Minorasetai!
7045,Gigantis
7046,Wallman
7047,Koi ga Saku Koro Sakura Doki: Charming Scarlet
7048,Kakei no Alice
7049,Ginban Kishi
7051,Zero: Kage Miko
7054,Alice to Zouroku
7057,A.ka.i.i.to
7058,Nightmare Maker
7059,Orange Yellow
7062,Bamora!
7066,Tiger Mask
7067,Mars
7068,Shinyuu to Watashi no Suki na Hito
7069,Ouji to Hero
7070,Ouji to Houkago
7071,Tanikamen
7072,BlazBlue: Remix Heart
7073,Kimi no Himitsu
7074,"Ichirei shite, Kiss"
7075,Seishun Rikon
7076,Hotel la Vie en Rose
7077,Koko dake no Hanashi.
7078,Ghost wa Kiss wo Kirau
7079,Kanade
7080,Shitsuji Shoujo to Ojousama
7081,Heavy Object
7082,Hime-chan no Ribon Colorful
7083,Otome wa Boku ni Koishiteru: Futari no Elder
7084,Perfect Rose
7085,Papa no Iukoto wo Kikinasai!: Miu-sama no Iutoori
7086,Vanilla Spider
7087,"Maoyuu 4-koma: Muitemasen yo, Maou-sama!"
7088,"Puppy, My Love"
7089,13 Game
7090,Acchel World.
7091,Fushigi na Hito
7092,Ibara no Kanmuri
7093,Hensoku-kei Quadrangle
7094,Sabinuki Kanojo
7095,Legend
7096,Danganronpa Gaiden: Killer Killer
7097,Majo-kun to Watashi
7098,Ari no Ou
7099,Akudou Bunko
7101,Gal Gamer ni Homeraretai
7103,Remote
7104,Star Wars: Jedi no Kikan
7105,Kanshakudama no Yuutsu
7106,Appare Jipangu!
7107,Itsumo Misora
7108,Ohisama no Hana
7109,Hoshigari Love Dollar
7110,Hatsujou Material
7111,Three Quarters
7112,Mister Mermaid
7113,Tekken Chinmi Gaiden
7114,Hayabusa
7115,Love Scar
7117,Tsuki wo Dakishimeru.
7118,Black Blood Brothers ver.C
10023,Otona ni Nuts
10024,Shaolin Sisters: Reborn
10025,Dorobou to Keiji
10026,Princess Prince
10027,Sakura Tsuushin
10028,Asatte no Houkou.
10029,Anata ni Tsunagaretai
10030,Daikirai!
10031,"Aru Hi, Knight ni Atta nara"
10032,Bikini!
10033,Hagane
10034,It's Called Love
10035,Legendz
10036,Countdown!
10037,Fukigen na Ouji-sama
10038,Bradherley no Basha
10039,Kimi dake ni Ai wo.
10040,Samurai 7
10041,Sakura Yuki
10042,Try! Try! Try! Webcomics
10043,Hanayashiki no Juunin-tachi
10044,Eden
10045,Heroman
10046,Kansen Rettou
10047,Yume no Atosaki
10048,Agape
10049,Nigeru Otoko
10050,"Kantan dakedo, Mendokusai"
10051,"Kanchigai no Atelier Meister: Eiyuu Party no Moto Zatsuyougakari ga, Jitsu wa Sentou Igai ga SSS Rank Datta to Iu Yoku Aru Hanashi"
10052,A-Rank Boukensha no Slow Life
10053,Kuro Gal-san ga Kuru!
10054,Hangyaku no Soul Eater
10055,Classmate no Tanaka-san wa Sugoku Kowai
10056,Suterareta Tensei Kenja: Mamono no Mori de Saikyou no Daima Teikoku wo Tsukuriageru
10057,Goshujinsama to Yuku Isekai Survival! The Comic
10058,Okinawa de Suki ni Natta Ko ga Hougen Sugite Tsurasugiru
10059,Kawaikereba Hentai demo Suki ni Natte Kuremasu ka?: Abnormal Harem
10060,Miyata Shoten e Youkoso!
10061,Hachi: Tokyo 23-ku
10062,Cross x Regalia
10063,Kunoichi Joshikousei Otonashi-san
10064,Jigoku Koi Suchou
10065,Osananajimi wa Onnanoko ni Naare
10066,Nemurenai Yoru no Ohanashi
10067,Kimi ni Yoseru Blue
10068,Jigokuren: Death Life
10069,Moromono no Jijou
10070,Toaru Yuusha no 004
10071,Akuma ni Chic x Hack
10072,Gal to Otaku wa Wakariaenai.
10073,Lycanthrope Bouken Hoken
10074,Sword Art Online: Kirito no Aincrad Night
10075,Yankee wa Isekai de Seirei ni Aisaremasu.
10076,Sayonara Peter Pan
10077,Asmodeus wa Akiramenai
10103,Abenobashi Mahou☆Shoutengai
10104,Liling-Po
10105,Shinseiki Evangelion: Koutetsu no Girlfriend 2nd
10106,Wedding Peach
10107,Every Day Every Night
10108,Shinseiki Evangelion: Ikari Shinji Ikusei Keikaku
10109,Blind Date
10110,Chohatsu BABY
10111,Netsu Shisen
10112,Koisuru Melody Musume
10113,Abunai Koto Shite Mitai
10114,Getter Robo Hien: The Earth Suicide
10115,Brother
10116,Nijiiro Koi Ryokan
10117,Mazinger Angel
10118,Yume no Tsuzuki
10119,Metal Fight Beyblade
10120,Umi no Mieru Yane
10121,Nemureru Hoshi
10122,Mephisto
10123,14 Juicy
10124,Eru-Eru Sister
10125,"Sensei, Oshiete Ageru"
10126,Star Wars: Phantom Menace
10127,Kashikoi Ken Rilienthal
10128,Bokura no Mura ni wa Mizuumi ga Atta
10129,Maid in Japan
10130,Apocalypse
10131,5-ji kara 9-ji made
10132,Kaijuu no Shiiku Iin
10133,Heroines Game
10134,Isekai Ryouridou
10135,Trap Heroine
10136,Sarashina Subaru-kun no Meirei wa Zettai!!
10137,Sakuraba-san wa Tomaranai!
10138,Gamblers Parade
10139,Chippai Kanojo to Bijin Kareshi
10140,Sword Art Online: Kirito no Gun Gale Wars
10141,Oni-san no Tokoro e Mairimashita
10142,Mukasete! Ryuugasaki-san
10143,"Chibikko Kenja, Lv.1 kara Isekai de Ganbarimasu!"
10144,Otaku Onna to Danshikousei
10145,Hametsu no Madouou to Golem no Banhi
10146,Tensei Akujo no Kuro Rekishi
10147,Sano-kun wa Ijiwaru
10148,Tensei Youjo wa Akiramenai
10149,Amakara Gishimai ni Hasamaretemasu
10150,Kyojiri JK Nirugame-chan
10151,Love Plus: Manaka Days
10152,Sakura no Sono
10153,Makyou no Shanana
10154,Bunbetsu to Takan
10155,Examurai
10156,Kindan no Koibito
10157,Pride to Ai to
10158,Gozen Reiji ni Kuchizuke wo
10159,Byousoku Zero Mile
10160,Ore no Kanojo to Osananajimi ga Shuraba sugiru+H
10161,Urasai
10162,Tsubame-chan Chi no Kateinai Renai
10163,"Meirei, Kimi wo Hanasanai"
10164,Jinrui wa Suitai Shimashita: Nonbirishita Houkoku
10165,Asao-san to Kurata-kun
10166,Shinmai Fukei Kiruko-san
10167,Proposal no Riyuu
10168,Renai Shoujo Zukan
10169,Ousama Game: Shuukyoku
10170,Youkai Hunter
10171,Walkure Romanze: Shoujo Kishi Monogatari
10172,Oukoku Game
10173,Iwaihime
10174,Chimamire Sukeban Chainsaw
10175,Pokémon the Movie XY: Ring no Choumajin Hoopa
10176,Watashi ga Iutoori ni Naru
10177,Hotarubi no Tomoru Koro ni
10178,Goinkyo Maou no Hinichijou
10179,Ace-kun no Tonari.
10180,Midari ni Midara na Kuroyukihime Online
10181,Dennou Kakugi MephistoWaltz
10182,Tandem Lover
10183,Samurai Flamenco: Another Days
10184,"Sensei, Suki."
10185,Super Family Complete
10186,Mogusa-san
10187,Fujiwara Hakushaku no Junan
10188,Touhyou Game: Anata ni Kuroki Ippyou wo
10189,Akumu Koushounin
10190,Gyakusatsu Kikan
10191,"Hana ni, Kamitsuku"
10192,A+B
10193,"Hirari, Bessatsu: Bukatsu Joshi Anthology - Houkago!"
10194,Kaette Kita! Shinmai Fukei Kiruko-san
10195,Deathtopia
10196,Biohazard: Heavenly Island
10197,Boku to Kotori-chan
10198,Saber Marionette J
10199,Pure Trance
10200,Hime tte Yonde ne
10201,Specter
10202,Mangetsu Monogatari
10203,Aoi Haru
10204,Hana ni Nare
10205,Kiss kara Hajimeyou
10206,Love & Sex
10207,Junai Clover
10208,Mahou Tsukai Tai!
10209,Gokko
10210,Boku no Marie
10211,Tokyo Zombie
10212,Yokujou Kiss
10213,Jigoku no Komoriuta
10214,Shihonron
10215,Usotsuki Marriage
10216,Dokuro
10217,Zangekikan
10218,Ai ga Nakutemo Kutteyukemasu.
10219,Momoiro Punch
10220,Densen Complex
10221,Sweet Lovin' Baby
10222,17-sai
10223,Match Ippon no Hanashi
10224,Zettai Shoujo Seiiki Amnesian
10225,Kegare no Uta
10226,Tsuno no Gakuen
10227,Urushiha Sarara wa Koi nado Shinai!
10228,Class ga Isekai Shoukan sareta Naka Ore dake Nokotta n desu ga
10229,Isekai Tensei ni Kansha wo
10230,Souzai Saishuka no Isekai Ryokouki
10231,I Want to Know You
10232,Zettai ni Hatarakitakunai Dungeon Master ga Damin wo Musaboru made
10233,Waga Itoshi no Wota Kanojo
10234,Fukurami Fukuramu: Minase Mayu Sakuhinshuu
10235,Hitoribocchi no Isekai Kouryaku
10236,Yoru no Yomeiri
10237,Tensei shitara Ore ga Heroine de Aitsu ga Yuusha Datta
10238,Shakunetsu no Nirai Kanai
10239,Kansaiben Oneesan to Junshin Shounen
10240,Osananajimi no Mama ja Iya?
10241,Tokyo LACKs
10242,Shitsugyou Kenja no Nariagari: Kirawareta Sainou wa Sekai Saikyou deshita
10243,Horror Anthology Comic Shikaku
10244,G Joshi!
10245,Dies Irae: Amantes Amentes
10246,Koi no Mizu Kudasai
10247,Yokoshima na Eguchi-kun
10248,Coyote
10249,"Ore, Maou dakedo Baretenai yo ne?"
10250,Almadianos Eiyuuden
10251,Biyaku Iri no Cappuccino
10252,Tayutama: Kiss on my Deity
10253,Shurayuki-hime Gaiden
10254,Shiroi Kageboushi
10255,Tsumitsuki
10256,Manimani
10257,Para☆Izo
10258,17-sai.
10259,Sultan no Koukeigi
10260,Boku to Kanojo no Koi Log
10261,Kuroi Ame ni Utarete
10262,Cerberus Jam
10263,Evil Virgin
10264,Hantsu x Trash
10265,Kanojo wa Sore wo Gaman Dekinai
10266,Eureka Seven nAnO
10267,Pokemon Card ni Natta Wake
10268,OBRIGADO!
10269,El Alamein no Shinden
10270,Sensei Ano ne.
10271,Imori 201
10272,Prince no Koi
10273,Princess to Konyaku
10274,Princess ni Propose
10275,Idol A
10276,RealPG
10277,Okuman Chouja no Kakehiki
10278,Aiyoku no Eustia
10279,Momoiro Meloik
10280,Exoskull Zero
10281,DRAMAtical Murder
10282,Henshin Ninja Arashi
10283,Shounen Shoujo 18-kin
10284,Mashiro-iro Symphony: Wind of Silk
10285,Gun Blaze West
10286,Aquarium
10287,Yume Miru Happa
10288,"Darling, I Love You!"
10289,Line
10290,Ju-On Volume 2
10291,Kokkyou no Chou
10292,Lamp no Ousama
10293,Wagamama na Butler
10294,Sex to Kiss to Setsunasa no Aida
10295,Koi no Kaikata
10296,Suki nara Suki tte Ie yo!
10297,Manyuu Hikenchou
10298,Ao no Deracine
10299,Heaven
10300,Chibi Geass: 4-koma no Lelouch
10301,Epitaph
10302,"Kaze yo, Banri wo Kake yo"
10303,Koisuru Heart ga No to Iu
10304,Waga Na wa Nero
10305,Nemureru Mori no Binan
10306,Gun Frontier
10307,Grand Guignol
10308,Dorondororon
10309,Guren 5
10310,Sailor Magic Midori-chan
10311,Gekijouban Pocket Monster Best Wishes: Shinsoku no Genesect - Mewtwo Kakusei
10312,Merry Bad End
10313,Rock Paper Scissors
10314,Kiriwo Terrible
10315,Grappler Baki Gaiden
10316,Joshi Shougakusei Hajimemashita P!
10317,Fujouri na Atashitachi
10318,BiBi Brother
10319,Sakura no Sono
10320,Bravely Default: Flying Fairy
10321,Kimi wo Nakasetai
10322,Aoharu Cynical
10323,Val x Love
10324,Renai Harem Game Shuuryou no Oshirase ga Kuru Koro ni
10325,Tenshi no Tamago
10326,Real no Heroine wa Irimasen!
10327,Kai to AlternaRock
10328,Bandai Kaname wa Asobitai
10329,Beriaru-sama wa Shitennou no Naka demo xx
10330,Moufu Oneesan no Atatamekata
10331,Sokuochi Mayuri-chan
10332,Himegasaki Sakurako wa Kyou mo Fubin Kawaii
10333,"Level 0 no Maou-sama, Isekai de Boukensha wo Hajimemasu"
10334,Kemokko Doubutsuen!
10335,Doll-Kara
10336,Omoni Otto
10337,Bungaku Shojo
10338,Maria-sensei wa Imouto Gachizei!
10339,Warui Yume no Sono Saki...
10340,Watashi Igai Jinrui Zenin Yuri
10341,Renai Shikou Seitokai
10342,Rengoku no Toshi
10343,Nageki no Bourei wa Intai shitai: Saijaku Hunter ni Yoru Saikyou Party Ikuseijutsu
10344,Mori no Hotori de Jam wo Niru: Isekai de Hajimeru Slow Life
10345,Oniyome wo Metotteshimatta.
10346,"Yakutatazu Skill ni Jinsei wo Tsugikomi 25-nen, Imasara Saikyou no Boukentan"
10347,Aoiro Ping Pong
10348,"Tensei-saki de Suterareta node, Mofumofu-tachi to Oryouri shimasu: Okazari Ouhi wa My Pace ni Saikyou desu"
10349,Love-Kyo: Kateikyoushi ga xx Sugite Benkyou Dokoro ja Nai
10350,World Apartment Horror
10351,Cutie Honey: Tennyo Densetsu
10352,Moyashi Otoko to Tane Shoujo
10353,Pen to Chocolate
10354,Mebius Gear
10355,Shinseiki Evangelion: Ikari Shinji Tantei Nikki
10356,Arion
10357,Girls☆Complex
10358,Tarou-kun wa Yuganderu
10359,Usotsuki na Cinderella
10360,Dame Ijiwaru H
10361,Hana Michi Otome
10362,Ai wo Shiranai Okumanchouja
10363,Igyoujin Oniwakamaru
10364,Anata no Mune ni Kaeru Hi made
10365,Hana no Miyako!
10366,Toscana no Yuuutsu
10367,Ra-i
10368,Koi ni Okite
10369,Pineapple Army
10370,Cinderella Boy
10371,Kore ga Watashi no Goshujinsama
10372,23:00
10373,Happy★Lesson: Mama Sensei wa Saikou!
10374,Peridot
10375,Ai no Koe
10376,Shichinin no Nana
10377,Kimi no Tonari de Nemuritai
10378,Pretty in Blue
10379,Sister Red
10380,Choukyouai
10381,Desert Storm
10382,Doukyuusei H kara Hajimaru Koi
10383,Honey na Koto
10384,Perfect Partner
10385,Otome Cake
10386,Wedding Peach: Young Love
10387,Kanojo no Honnou
10388,18-sai no Kodou
10389,[zion]
10390,Hansu no Kikan
10391,Yappari Yoru Made Matenai.
10392,Yuzu chu♥
10393,"Don't Cry, Girl♥"
10394,Tsutaete Ii no
10395,Doodooma
10396,Sensei wa Warui Ko
10397,Haikou Dolls
10398,Luger Code 1951
10399,Shoujo Kishidan x Knight Tale
